Timestamp,Bay,Slot,Customer Name,Code Used
2026-05-29 01:01:00,Staff,2,User 1,
2026-05-30 21:38:00,Staff,2,User 1,staff-protected
2026-05-30 21:54:00,Staff,2,User 1,staff-protected
2026-05-30 22:25:00,Staff,2,User 1,staff-protected
2026-05-30 22:41:00,Staff,2,User 1,staff-protected
2026-05-30 22:56:00,Staff,2,User 1,staff-protected
2026-05-30 23:12:00,Staff,2,User 1,staff-protected
2026-05-30 23:27:00,Staff,2,User 1,staff-protected
2026-05-30 23:43:00,Staff,2,User 1,staff-protected
2026-05-30 23:58:00,Staff,2,User 1,staff-protected
2026-05-31 00:13:00,Staff,2,User 1,staff-protected
2026-05-31 00:28:00,Staff,2,User 1,staff-protected
2026-05-31 00:44:00,Staff,2,User 1,staff-protected
2026-05-31 00:59:00,Staff,2,User 1,staff-protected
2026-05-31 01:14:00,Staff,2,User 1,staff-protected
2026-05-31 01:30:00,Staff,2,User 1,staff-protected
2026-05-31 01:45:00,Staff,2,User 1,staff-protected
2026-05-31 02:00:00,Staff,2,User 1,staff-protected
2026-05-31 02:16:00,Staff,2,User 1,staff-protected
2026-05-31 02:31:00,Staff,2,User 1,staff-protected
2026-05-31 02:46:00,Staff,2,User 1,staff-protected
2026-05-31 03:02:00,Staff,2,User 1,staff-protected
2026-05-31 03:18:00,Staff,2,User 1,staff-protected
2026-05-31 03:33:00,Staff,2,User 1,staff-protected
2026-05-31 03:49:00,Staff,2,User 1,staff-protected
2026-05-31 04:05:00,Staff,2,User 1,staff-protected
2026-05-31 04:21:00,Staff,2,User 1,staff-protected
2026-05-31 04:36:00,Staff,2,User 1,staff-protected
2026-05-31 04:52:00,Staff,2,User 1,staff-protected
2026-05-31 05:08:00,Staff,2,User 1,staff-protected
2026-05-31 05:23:00,Staff,2,User 1,staff-protected
2026-05-31 05:39:00,Staff,2,User 1,staff-protected
2026-05-31 05:55:00,Staff,2,User 1,staff-protected
2026-05-31 06:11:00,Staff,2,User 1,staff-protected
2026-05-31 06:27:00,Staff,2,User 1,staff-protected
2026-05-31 06:43:00,Staff,2,User 1,staff-protected
2026-05-31 06:58:00,Staff,2,User 1,staff-protected
2026-05-31 07:13:00,Staff,2,User 1,staff-protected
2026-05-31 07:29:00,Staff,2,User 1,staff-protected
2026-05-31 07:44:00,Staff,2,User 1,staff-protected
2026-05-31 07:59:00,Staff,2,User 1,staff-protected
2026-05-31 08:14:00,Staff,2,User 1,staff-protected
2026-05-31 08:29:00,Staff,2,User 1,staff-protected
2026-05-31 15:55:00,Staff,2,User 1,staff-protected
2026-05-31 16:21:00,Staff,2,User 1,staff-protected
2026-05-31 16:37:00,Staff,2,User 1,staff-protected
2026-05-31 16:52:00,Staff,2,User 1,staff-protected
2026-05-31 17:40:00,Staff,2,User 1,staff-protected
2026-05-31 17:56:00,Staff,2,User 1,staff-protected
2026-05-31 18:11:00,Staff,2,User 1,staff-protected
2026-05-31 18:27:00,Staff,2,User 1,staff-protected
2026-05-31 18:42:00,Staff,2,User 1,staff-protected
2026-05-31 18:58:00,Staff,2,User 1,staff-protected
2026-05-31 19:14:00,Staff,2,User 1,staff-protected
2026-05-31 19:29:00,Staff,2,User 1,staff-protected
2026-05-31 19:45:00,Staff,2,User 1,staff-protected
2026-05-31 20:00:00,Staff,2,User 1,staff-protected
2026-05-31 20:16:00,Staff,2,User 1,staff-protected
2026-05-31 20:32:00,Staff,2,User 1,staff-protected
2026-05-31 20:47:00,Staff,2,User 1,staff-protected
2026-05-31 21:02:00,Staff,2,User 1,staff-protected
2026-05-31 21:17:00,Staff,2,User 1,staff-protected
2026-05-31 21:33:00,Staff,2,User 1,staff-protected
2026-05-31 21:49:00,Staff,2,User 1,staff-protected
2026-05-31 22:04:00,Staff,2,User 1,staff-protected
2026-05-31 22:19:00,Staff,2,User 1,staff-protected
2026-05-31 22:35:00,Staff,2,User 1,staff-protected
2026-05-31 22:51:00,Staff,2,User 1,staff-protected
2026-05-31 23:06:00,Staff,2,User 1,staff-protected
2026-05-31 23:22:00,Staff,2,User 1,staff-protected
2026-05-31 23:38:00,Staff,2,User 1,staff-protected
2026-05-31 23:54:00,Staff,2,User 1,staff-protected
2026-06-01 00:10:00,Staff,2,User 1,staff-protected
2026-06-01 00:26:00,Staff,2,User 1,staff-protected
2026-06-01 00:41:00,Staff,2,User 1,staff-protected
2026-06-01 00:57:00,Staff,2,User 1,staff-protected
2026-06-01 01:12:00,Staff,2,User 1,staff-protected
2026-06-01 01:27:00,Staff,2,User 1,staff-protected
2026-06-01 01:42:00,Staff,2,User 1,staff-protected
2026-06-01 01:58:00,Staff,2,User 1,staff-protected
2026-06-01 02:13:00,Staff,2,User 1,staff-protected
2026-06-01 02:29:00,Staff,2,User 1,staff-protected
2026-06-01 02:45:00,Staff,2,User 1,staff-protected
2026-06-01 03:00:00,Staff,2,User 1,staff-protected
2026-06-01 03:16:00,Staff,2,User 1,staff-protected
2026-06-01 03:32:00,Staff,2,User 1,staff-protected
2026-06-01 03:48:00,Staff,2,User 1,staff-protected
2026-06-01 04:04:00,Staff,2,User 1,staff-protected
2026-06-01 04:20:00,Staff,2,User 1,staff-protected
2026-06-01 04:36:00,Staff,2,User 1,staff-protected
2026-06-01 04:52:00,Staff,2,User 1,staff-protected
2026-06-01 05:08:00,Staff,2,User 1,staff-protected
2026-06-01 05:23:00,Staff,2,User 1,staff-protected
2026-06-01 05:38:00,Staff,2,User 1,staff-protected
2026-06-01 05:54:00,Staff,2,User 1,staff-protected
2026-06-01 06:10:00,Staff,2,User 1,staff-protected
2026-06-01 06:25:00,Staff,2,User 1,staff-protected
2026-06-01 06:41:00,Staff,2,User 1,staff-protected
2026-06-01 06:57:00,Staff,2,User 1,staff-protected
2026-06-01 07:13:00,Staff,2,User 1,staff-protected
2026-06-01 07:29:00,Staff,2,User 1,staff-protected
2026-06-01 07:45:00,Staff,2,User 1,staff-protected
2026-06-01 08:00:00,Staff,2,User 1,staff-protected
2026-06-01 08:16:00,Staff,2,User 1,staff-protected
2026-06-01 08:32:00,Staff,2,User 1,staff-protected
2026-06-01 08:47:00,Staff,2,User 1,staff-protected
2026-06-01 09:02:00,Staff,2,User 1,staff-protected
2026-06-01 09:18:00,Staff,2,User 1,staff-protected
2026-06-01 09:34:00,Staff,2,User 1,staff-protected
2026-06-01 09:49:00,Staff,2,User 1,staff-protected
2026-06-01 10:04:00,Staff,2,User 1,staff-protected
2026-06-01 10:20:00,Staff,2,User 1,staff-protected
2026-06-01 10:35:00,Staff,2,User 1,staff-protected
2026-06-01 10:50:00,Staff,2,User 1,staff-protected
2026-06-01 11:06:00,Staff,2,User 1,staff-protected
2026-06-01 11:22:00,Staff,2,User 1,staff-protected
2026-06-01 11:38:00,Staff,2,User 1,staff-protected
2026-06-01 11:53:00,Staff,2,User 1,staff-protected
2026-06-01 12:09:00,Staff,2,User 1,staff-protected
2026-06-01 12:24:00,Staff,2,User 1,staff-protected
2026-06-01 12:39:00,Staff,2,User 1,staff-protected
2026-06-01 12:54:00,Staff,2,User 1,staff-protected
2026-06-01 13:09:00,Staff,2,User 1,staff-protected
2026-06-01 13:25:00,Staff,2,User 1,staff-protected
2026-06-01 13:41:00,Staff,2,User 1,staff-protected
2026-06-01 13:57:00,Staff,2,User 1,staff-protected
2026-06-01 14:13:00,Staff,2,User 1,staff-protected
2026-06-01 14:29:00,Staff,2,User 1,staff-protected
2026-06-01 14:44:00,Staff,2,User 1,staff-protected
2026-06-01 15:00:00,Staff,2,User 1,staff-protected
2026-06-01 15:16:00,Staff,2,User 1,staff-protected
2026-06-01 15:32:00,Staff,2,User 1,staff-protected
2026-06-01 15:47:00,Staff,2,User 1,staff-protected
2026-06-01 16:03:00,Staff,2,User 1,staff-protected
2026-06-01 16:19:00,Staff,2,User 1,staff-protected
2026-06-01 16:34:00,Staff,2,User 1,staff-protected
2026-06-01 16:50:00,Staff,2,User 1,staff-protected
2026-06-01 17:06:00,Staff,2,User 1,staff-protected
2026-06-01 17:21:00,Staff,2,User 1,staff-protected
2026-06-01 17:37:00,Staff,2,User 1,staff-protected
2026-06-01 17:53:00,Staff,2,User 1,staff-protected
2026-06-01 18:08:00,Staff,2,User 1,staff-protected
2026-06-01 18:23:00,Staff,2,User 1,staff-protected
2026-06-01 18:38:00,Staff,2,User 1,staff-protected
2026-06-01 18:54:00,Staff,2,User 1,staff-protected
2026-06-01 19:10:00,Staff,2,User 1,staff-protected
2026-06-01 19:26:00,Staff,2,User 1,staff-protected
2026-06-01 19:41:00,Staff,2,User 1,staff-protected
2026-06-01 19:57:00,Staff,2,User 1,staff-protected
2026-06-01 20:13:00,Staff,2,User 1,staff-protected
2026-06-01 20:29:00,Staff,2,User 1,staff-protected
2026-06-01 20:45:00,Staff,2,User 1,staff-protected
2026-06-01 21:00:00,Staff,2,User 1,staff-protected
2026-06-01 21:15:00,Staff,2,User 1,staff-protected
2026-06-01 21:31:00,Staff,2,User 1,staff-protected
2026-06-01 21:47:00,Staff,2,User 1,staff-protected
2026-06-01 22:02:00,Staff,2,User 1,staff-protected
2026-06-01 22:18:00,Staff,2,User 1,staff-protected
2026-06-01 22:34:00,Staff,2,User 1,staff-protected
2026-06-01 22:50:00,Staff,2,User 1,staff-protected
2026-06-01 23:06:00,Staff,2,User 1,staff-protected
2026-06-01 23:21:00,Staff,2,User 1,staff-protected
2026-06-01 23:37:00,Staff,2,User 1,staff-protected
2026-06-01 23:53:00,Staff,2,User 1,staff-protected
2026-06-02 00:09:00,Staff,2,User 1,staff-protected
2026-06-02 00:24:00,Staff,2,User 1,staff-protected
2026-06-02 00:40:00,Staff,2,User 1,staff-protected
2026-06-02 00:55:00,Staff,2,User 1,staff-protected
2026-06-02 01:10:00,Staff,2,User 1,staff-protected
2026-06-02 01:26:00,Staff,2,User 1,staff-protected
2026-06-02 01:42:00,Staff,2,User 1,staff-protected
2026-06-02 01:58:00,Staff,2,User 1,staff-protected
2026-06-02 02:13:00,Staff,2,User 1,staff-protected
2026-06-02 02:28:00,Staff,2,User 1,staff-protected
2026-06-02 02:43:00,Staff,2,User 1,staff-protected
2026-06-02 02:58:00,Staff,2,User 1,staff-protected
2026-06-02 03:14:00,Staff,2,User 1,staff-protected
2026-06-02 03:29:00,Staff,2,User 1,staff-protected
2026-06-02 03:45:00,Staff,2,User 1,staff-protected
2026-06-02 04:00:00,Staff,2,User 1,staff-protected
2026-06-02 04:16:00,Staff,2,User 1,staff-protected
2026-06-02 04:31:00,Staff,2,User 1,staff-protected
2026-06-02 04:47:00,Staff,2,User 1,staff-protected
2026-06-02 05:03:00,Staff,2,User 1,staff-protected
2026-06-02 05:19:00,Staff,2,User 1,staff-protected
2026-06-02 05:35:00,Staff,2,User 1,staff-protected
2026-06-02 05:51:00,Staff,2,User 1,staff-protected
2026-06-02 06:07:00,Staff,2,User 1,staff-protected
2026-06-02 06:23:00,Staff,2,User 1,staff-protected
2026-06-02 06:39:00,Staff,2,User 1,staff-protected
2026-06-02 06:54:00,Staff,2,User 1,staff-protected
2026-06-02 07:10:00,Staff,2,User 1,staff-protected
2026-06-02 07:25:00,Staff,2,User 1,staff-protected
2026-06-02 07:40:00,Staff,2,User 1,staff-protected
2026-06-02 07:56:00,Staff,2,User 1,staff-protected
2026-06-02 08:11:00,Staff,2,User 1,staff-protected
2026-06-02 08:27:00,Staff,2,User 1,staff-protected
2026-06-02 08:42:00,Staff,2,User 1,staff-protected
2026-06-02 08:58:00,Staff,2,User 1,staff-protected
2026-06-02 09:13:00,Staff,2,User 1,staff-protected
2026-06-02 09:29:00,Staff,2,User 1,staff-protected
2026-06-02 09:44:00,Staff,2,User 1,staff-protected
2026-06-02 09:59:00,Staff,2,User 1,staff-protected
2026-06-02 10:15:00,Staff,2,User 1,staff-protected
2026-06-02 10:31:00,Staff,2,User 1,staff-protected
2026-06-02 10:47:00,Staff,2,User 1,staff-protected
2026-06-02 11:03:00,Staff,2,User 1,staff-protected
2026-06-02 11:19:00,Staff,2,User 1,staff-protected
2026-06-02 11:34:00,Staff,2,User 1,staff-protected
2026-06-02 11:50:00,Staff,2,User 1,staff-protected
2026-06-02 12:06:00,Staff,2,User 1,staff-protected
2026-06-02 12:21:00,Staff,2,User 1,staff-protected
2026-06-02 12:37:00,Staff,2,User 1,staff-protected
2026-06-02 12:52:00,Staff,2,User 1,staff-protected
2026-06-02 13:08:00,Staff,2,User 1,staff-protected
2026-06-02 13:24:00,Staff,2,User 1,staff-protected
2026-06-02 13:40:00,Staff,2,User 1,staff-protected
2026-06-02 13:56:00,Staff,2,User 1,staff-protected
2026-06-02 14:11:00,Staff,2,User 1,staff-protected
2026-06-02 14:26:00,Staff,2,User 1,staff-protected
2026-06-02 14:42:00,Staff,2,User 1,staff-protected
2026-06-02 14:57:00,Staff,2,User 1,staff-protected
2026-06-02 15:12:00,Staff,2,User 1,staff-protected
2026-06-02 15:28:00,Staff,2,User 1,staff-protected
2026-06-02 15:43:00,Staff,2,User 1,staff-protected
2026-06-02 15:59:00,Staff,2,User 1,staff-protected
2026-06-02 16:14:00,Staff,2,User 1,staff-protected
2026-06-02 16:30:00,Staff,2,User 1,staff-protected
2026-06-02 16:46:00,Staff,2,User 1,staff-protected
2026-06-02 17:01:00,Staff,2,User 1,staff-protected
2026-06-02 17:16:00,Staff,2,User 1,staff-protected
